15518,もっと評価されるべき
13987,アニメ
13416,MAD
4791,魔法少女まどか☆マギカ
4061,音楽
3443,OP
3173,アニソン
3014,高画質
2850,投稿者コメント
2411,作業用BGM
2367,銀魂
2350,らき☆すた
2283,機動戦士ガンダム00
2239,ひぐらしのなく頃に
2128,アニメもっと評価されるべき
2005,遊戯王
1968,ＭＡＤ
1955,声優
1852,音MAD
1846,神曲
1784,リリカルなのは
1572,アニメガンダム
1539,違和感仕事しろ
1514,腹筋崩壊
1501,とある魔術の禁書目録
1436,だいたいあってる
1434,ED
1431,涙腺崩壊
1423,神MAD
1394,涼宮ハルヒの憂鬱
1390,アニソンfull
1337,主題歌差し替えMAD
1329,日常
1318,アニメアニメキャラ総集編シリーズ
1285,高音質
1283,サムネホイホイ
1251,CM
1235,衝撃のラスト
1235,忙しい人向けシリーズ
1138,アニメおっさんホイホイ
1129,まどか☆マギカMADリンク
1117,MikuMikuDance
1085,アニメアニメ番組で放映してたＣＭ集
1085,AMV
1072,CLANNAD
1047,混ぜるな自然
1033,トランスフォーマー
991,アニメとある科学の超電磁砲
966,とある科学の超電磁砲
962,アニメアニメOP
933,魔法少女リリカルなのは
905,百合
899,アニメサムネホイホイ
878,アニメとある魔術の禁書目録
863,プリキュア
860,アニメエヴァンゲリオン
839,アニメ投稿者コメント
825,アニメニコニコムービーメーカー
816,ストライクウィッチーズ
811,戦闘シーン
805,＠BGM推奨アニメ
805,OVA
803,謎の感動
779,遊戯王5D's
773,AxisPowersヘタリア
772,描いてみた
770,初音ミク
754,釘宮理恵
747,OP集
738,BLEACH
737,公式が病気
735,機動戦士ガンダムSEED_DESTINY
733,比較動画
730,アニメコードギアス
711,ひぐらしMAD
705,神画質
705,アニメガンダム00
700,水樹奈々
699,公式が病気シリーズ
694,天元突破グレンラガン
692,コードギアス
684,音ゲーMAD
677,ガンダム
671,VOCALOID
664,平沢唯
662,アニメカオス
654,ローゼンメイデン
653,手描き
651,東方
638,NARUTO
629,名探偵コナン
626,自主制作アニメ
618,アニメひぐらしのなく頃に
611,ニコニコムービーメーカー
606,KOTOKO
601,秋山澪
601,TIGER&BUNNY
594,これはひどい
587,遊戯王MAD
583,JAM_Project
579,田村ゆかり
567,アニメまどか☆マギカMADリンク
565,声優の本気
564,ブロリー
563,花澤香菜
560,御坂美琴
551,海外アニメ
551,ドラゴンボール
546,謎の中毒性
544,ロボットアニメシーン集
544,マクロスF
543,侵略！イカ娘
540,混ぜるな危険
534,アニメストライクウィッチーズ
534,どうしてこうなった
532,アニメ作業用BGM
531,アニメだいたいあってる
522,ＣＭ
519,新世紀エヴァンゲリオン
518,神回
517,機動戦士ガンダムSEED
515,人類には早すぎる動画
514,そっと評価されるべき
507,林原めぐみ
506,アニメキャラソン
504,アイドルマスター
503,ニコニコこども放送局
496,アニメガンダムSEED
491,BGMを変えてみたシリーズ
488,日常MADリンク
487,化物語
477,ポケモン
476,放課後ティータイム
472,豊崎愛生
472,作業用ＢＧＭ
470,ガンダムSEED
465,堀江由衣
464,涼宮ハルヒMAD
463,完全に一致
462,変態画質
459,アニメアートアニメーション
453,特撮
452,謎の技術
450,野生のプロ
445,PV
445,Fate
444,アニメトランスフォーマー
443,静止画MAD
440,アニメさよなら絶望先生
436,遊戯王GX
436,薄桜鬼
433,歌ってみた
429,田井中律
429,ALI_PROJECT
426,＠BGM推奨
424,暁美ほむら
424,アニメらき☆すた
423,聖闘士星矢
423,なのはMAD
422,アニメけいおん
421,おっさんホイホイ
417,ＯＰ
415,only_my_railgun
414,無限ループ
409,ワンピース
406,聖地巡礼
405,アニメけいおん!!
405,けいおん!!
404,関智一
399,作者は病気シリーズ
397,ガンダムOO‐OPMADリンク
393,漫画
391,阿澄佳奈
390,巴マミ
389,アニ̎\u30acンダム
387,発想の勝利
383,もっと氷華されるべき
381,上条当麻
380,鋼の錬金術師
380,BGM
379,Steins;Gate
376,ストライクウィッチーズ2
376,サムネブラックホール
376,ガンダムSEEDシリーズMAD
374,ランキング
374,アニメギャグマンガ日和
372,日笠陽子
372,アニメこれはひどい
370,アニメイナズマイレブン
369,中の人繋がり
369,AIR
367,俺の妹がこんなに可愛いわけがない
366,自主制作
366,機動戦士ガンダム
365,アニメひぐらしMAD
364,海外の反応シリーズ
364,歌詞コメント付き
362,映画
359,沢城みゆき
358,竹達彩奈
358,咲-Saki-
358,OP差し替え
358,NG設定推奨
358,ARIA
357,茅原実里
357,ルパン三世
355,黒子のバスケ
355,鉄道
355,ディズニー短編アニメーション
354,北斗の拳
353,Fate\/Zero
351,金魂迷場面セレクション
351,アニメそっと評価されるべき
351,ゆるゆり
351,20代ホイホイ
350,田中公平
350,家庭教師ヒットマンREBORN!
350,Angel_Beats!
347,シュール
347,イナズマイレブン
346,才能の無駄遣い
346,子安武人
346,エヴァンゲリオン
346,ぼくらの
345,驚異のシンクロ率
343,90年代
342,HELLSING
341,戦国BASARA
339,釣り
337,最初からクライマックス
337,その発想はあった
336,勇者シリーズ
336,ドラえもん
335,咲-saki-
334,アニソンメドレー
333,禁書良作MAD
332,這いよれ！ニャル子さん
332,能登麻美子
331,モノノ怪
330,癒し
330,アニメこの発想はあった
328,日常日常MADリンク
327,Sound_Horizon
326,神編集
326,手描きMAD
323,白井黒子
322,音量注意
322,美樹さやか
322,ミルキィホームズ
318,ディズニー
318,ゲーム
315,アニ̎\u3082っと評価されるべき
315,アニメカートゥーンネットワーク
314,中野梓
314,テニスの王子様
313,菅野よう子
312,誰得
312,喜多村英梨
312,名曲
311,伊藤かな恵
311,ガンダム00
308,ef
307,涼宮ハルヒ
306,神ＭＡＤ
306,作ってみた
306,ルルーシュ
304,モノノ怪MAD
304,みんなのうた
302,若本規夫
302,攻殻機動隊
302,カオス
301,灼眼のシャナ
300,アニ̎\u30b2ーム
299,アニメアフレコ
298,柊つかさ
295,3D
294,誰得動画
294,ツンデレ
293,杉田智和
291,架空デュエル
291,この発想はあった
290,逆再生
290,だいたい合ってる
289,長門有希
289,最終回
289,俺得動画
289,ハルヒ
289,さよなら絶望先生
289,HUNTER×HUNTER
288,神谷浩史
288,市場制圧
287,琴吹紬
287,アカギ
286,驚異的な中毒性
285,顔芸
284,ギャグマンガ日和
283,謎の疾走感
283,手書き金魂
283,アニメゲーム
281,絶望先生MAD
281,江戸川コナン
281,アニメニコニコムービーメーカーユーザーニコ割
280,サムネ一本釣り
277,戸松遥
277,坂本真綾
275,人類滅亡シリーズ
275,アニメけいおん!
274,紳士の社交場
274,川田まみ
274,スパロボ
274,ひぐらしのなく頃に解
274,H.264
273,2000年代
272,fripSide
272,宇宙戦艦ヤマト
272,ループ推奨
272,May'n
271,比較：再現MAD
271,またお前か
270,石田彰
270,アニメカイジ
270,3DCG
269,水木一郎
268,作業妨害用BGM
268,アニメイカ娘
267,懐かしアニメ
266,アニメインフィニット・ストラトス
265,影山ヒロノブ
265,ヘッドホン推奨
264,福山潤
264,生徒会の一存
264,ニコニコカラオケDB
263,アニメリリカルなのは
262,釘宮病
262,秒速5センチメートル
261,残酷な天使のテーゼ
260,装甲騎兵ボトムズ
259,愛すべきお馬鹿達
257,梶浦由記
257,コメント非表示推奨
257,あずにゃん
256,深刻な素材不足
256,アイドルマスターアイドルマスター(アニメ)
255,福山芳樹
255,ヤンデレ
252,mad
252,高山みなみ
252,MIDI
251,水銀燈
251,マクロス
250,笑撃のラスト
250,悠木碧
250,アニメｳｯｰｳｯｰｳﾏｳﾏ(ﾟ∀ﾟ)
249,複合MAD
249,耐久動画
249,ロリコンホイホイ
249,ニヤニヤ動画
248,異常なまでのシンクロ率
248,斎藤千和
247,川澄綾子
247,富野由悠季
246,アニメドラゴンボール
246,アニメグレンラガン
246,アニメイメージMAD
245,平野綾
244,画像集
244,保志総一朗
244,一方通行
244,アニ̎\u30b3ードギアス
244,アニメ主題歌差し替えMAD
243,隠れた名曲
242,劇場予告風MAD
242,アニメアニメカービィ
241,青学
241,手書きAPヘタリア
240,SchoolDays
239,リボーン
239,ホラー
239,みつどもえ
238,長野原みお
238,盗んでいきましたシリーズ
238,B'z
237,納得の感動
237,ミリしらシリーズ
237,ドラマCD
236,小野大輔
236,声優狂演技コレクション
236,IS
235,運営のお気に入り
235,山口勝平
234,you
234,ヱヴァンゲリヲン
234,アニメアンパンマン
234,なのは
233,遠藤正明
233,アニメうみねこのなく頃に
233,もってけ！セーラーふく
233,あずまんが大王
232,金元寿子
232,佐天涙子
232,アニメコメント非表示推奨
231,魔法少女リリカルなのはStrikerS
230,黙ってマイリス
230,苺ましまろ
230,アニメアニメ吹き替え
228,頭文字D
228,機動戦士ガンダムAGE
228,我々の業界ではご褒美です
228,アニメ魔法少女まどか☆マギカ
227,泉こなた
227,スクライド
227,BB素材
226,アニメアニメ音楽
226,School_Days
225,関俊彦
224,俺得
224,ホットペッパー
224,もっともっと評価されるべき
223,高垣彩陽
223,空の境界
223,I've
222,空耳
222,ニコニコディズニーツアー
222,アニメお前らの愛で見えない
221,輪るピングドラム
221,幽遊白書
221,小清水亜美
221,佐倉杏子
221,アニ̎\u304aっさんホイホイ
221,アニメアマガミ
221,TMNT
219,アニメアメコミ
219,Fate\/ZeroFate\/ZeroMAD
218,けいおん!MAD
217,英語
217,ストップモーション
217,Gガンダム
216,予測可能回避不可能
215,angela
215,山本正之
215,完成度高けーなオイ
215,作者は病気
214,狼と香辛料
214,ナルト
213,笑える星矢シリーズ
213,アニメインデックス
212,後藤邑子
212,アニメなのはMAD
212,LEVEL5-judgelight-
212,KOKIA
211,病院が来い
210,機動戦艦ナデシコ
210,バカとテストと召喚獣
209,黄金聖闘士
209,誰かがやると思ったシリーズ
209,緑川光
209,未来日記
209,ランカ・リー
209,デジモン
209,BLACKLAGOON
208,黒歴史
208,神作画
208,凸
208,処刑用BGM
208,アニメアニメED
208,∀ガンダム
207,花咲くいろは
207,新谷良子
207,セーラームーン
207,あおやMAD
206,新海誠
206,むせる
205,真夏の夜の淫夢
205,山寺宏一
205,D.Gray-man
204,慧眼を鍛える動画
204,スクールデイズ
204,アニメアンインストール
203,赤座あかり
203,デスノート
203,アニメなのは
203,OP海外版
202,演奏してみた
202,メドレー
202,Cagayake!GIRLS
201,＼ｱｯｶﾘ～ﾝ／
201,田中理恵
201,アニメメドレ
201,アニメテニスの王子様
201,うみねこのなく頃に
201,CG
200,Zガンダム
199,櫻井孝宏
199,小林ゆう
199,寿美菜子
199,劇場版
199,アニメハルヒ
199,なぜ評価されない
198,超画質
198,マッシュアップ
197,素材です。なんなりとお使いください
196,公式MAD
196,アニメ音楽
196,FateMAD
195,佐藤利奈
195,Kanon
195,Dance×Mixer
194,植田佳奈
194,アニメ声優
193,松岡修造
193,キャラソン
192,秒速５センチメートル
192,テイルズ
192,サムネバキューム
192,FLASH
191,日本語でおｋ
191,中原麻衣
191,アニメキョン
191,DTB
190,加藤英美里
190,ドナルドダック
189,韓国
189,アニメ銀魂
188,バンブーブレード
187,夢の共演
187,出演作ダイジェスト
187,タイトルホイホイ
187,アニメガンダムOO‐OPMADリンク
186,愛すべき馬鹿
186,声真似
186,伝説の超サムネ
186,アニメサムネブラックホール
186,アニメその発想はあった
186,WORKING!!
185,遊戯王5D'sMAD
185,蒼穹のファフナー
185,灰原哀
185,作画崩壊
185,ヘッドフォン推奨
185,デュラララ!!
185,アニメディズニー
184,次回予告
184,坂田銀時
184,アニメ日常
184,アニメエロゲ
184,アニメアニメ最萌トーナメント
183,早見沙織
183,ヱヴァンゲリヲン新劇場版
183,ガンダム良MAD
182,機動戦士ガンダムUC
182,宮野真守
182,名塚佳織
182,サムネバイバイ
182,アニメガオガイガー
182,アニメおっぱい
182,アニメうたの☆プリンスさまっ♪
182,わけがわからないよ
182,もっと侵略されるべき
182,なぜ伸びない
181,key
181,東方手書き劇場
180,栗林みな実
180,グレンラガン
180,アニメエロゲソング
179,学園黙示録
179,夏目友人帳
179,ヘルシング
179,ニコフリMAD
179,シンクロ率400％
179,アニメローゼンメイデン
179,もっと伸びるべき
179,MAD素材
179,BB
178,op
178,狂気のMADサイエンティスト
178,伊藤静
178,テラ子安
177,謎のシンクロ率
177,2828動画
176,賢者育成動画
176,菊池俊輔
176,ロボット
176,その発想はなかった
175,非実在青少年
175,耳コピ
175,深刻なコメ不足
175,時をかける少女
175,ロイツマ
175,アニメアニメ戦国BASARA
174,手書き
174,安彦良和
174,マクロスＦ
174,NHKの本気
173,ハレ晴レユカイ
172,電子ドラッグ
172,犬夜叉
172,ネタバレ注意
172,アニメおまけが本編
172,80年代
171,豊口めぐみ
171,攘夷リンク
171,アニメそらのおとしもの
171,おばさんホイホイ
170,平沢憂
170,井上麻里奈
170,ベジータ
170,そらのおとしもの
170,Fate\/stay_night
169,遊戯王GXMAD
169,神のみぞ知るセカイ
169,桑島法子
169,同人
169,例のアレ
169,さらに評価されるべき
169,Lia
169,GONZO
169,BL
168,踊ってみた
168,アニソンFull
168,GO!GO!MANIAC
167,萌え
167,シンクロ率400%
167,アニメいい最終回だった
166,少女革命ウテナ
165,竜宮レナ
165,桃井はるこ
165,吹いたら焼き土下座
165,マイムマイム
165,ピッチ変更で●●似シリーズ
165,アニメスクライド
165,アニメクラナド
164,アニメプリキュア
164,らんま1\/2
163,金田朋子
163,真赤な誓い
163,水橋かおり
163,ドラゴンボールZ
163,ゼロの使い魔
163,アニメかんなぎ
163,SAOMAD
162,良MAD
162,燃えMAD
162,懐かCM
162,境界線上のホライゾン
162,嘘字幕シリーズ
162,マキシマムザホルモン
162,バーナビー・ブルックスJr.
162,アニメエンターテイメント
162,アニメイナイレ
161,アニメデュラララ!!
161,なにこれかわいい
161,DBMADリンク
161,CLAMP
160,英雄
160,溶接職人
160,レスリングシリーズ
160,アニメけいおん！
160,ONEPIECE
160,KYM
160,APヘタリア日本リンク
159,鈴村健一
159,平沢進
159,塩沢兼人
159,創聖のアクエリオン
159,ゆかな
159,けいおん
158,遊戯王ＭＡＤ
158,白石涼子
158,男の娘
158,ビーストウォーズ
158,ナルトMADリンク
158,サントラ
158,アニメデジモン
158,QB
158,Don't_say_“lazy”
157,青の祓魔師
157,金魂
157,荒川アンダーザブリッジ
157,ケロロ軍曹
157,この発想はなかった
157,Flash
156,緋弾のアリア
156,猫
156,桜高軽音部
156,旧声優陣
156,勇者王ガオガイガー
156,アニメこれがやりたかっただけだろシリーズ
156,アニソンカラオケDB
155,電波ソング
155,福原香織
155,夢喰いメリー
155,ヘルシングMAD
155,アニメうえだゆうじ
154,飛蘭
154,緒方恵美
154,無編集
154,文字を読む動画
154,性転換
154,変身シーン
154,咲-Saki-阿知賀編episodeofside-A
154,京都アニメーション
154,コードギアスMADリンク
154,アイドルマスターXENOGLOSSIA
153,福圓美里
153,森川智之
153,手の込んだ手抜き
153,アニメエウレカセブン
152,麻雀
152,偽物語
151,caramelldansen
151,ＥＤ
151,隠れた名作
151,台湾
151,勇者王
151,世界名作劇場
151,レイズナー
150,迷い猫オーバーラン！
150,脅威のシンクロ率
150,檜山修之
150,天体戦士サンレッド
150,仮面ライダー
150,アニ̎\u30a8ヴァンゲリオン
150,GRANRODEO
149,邦楽
149,替え歌
149,新井里美
149,名作
149,主題歌差し替えＭＡＤ
149,お笑い
149,JOINT
148,＠BGM推奨アニメ投稿者コメント
148,相生祐子
148,白石稔
148,ラジオ
148,これがやりたかっただけだろシリーズ
148,SAO
148,GONG
147,高橋美佳子
147,隊員ホイホイリンク
147,舞-乙HiME
147,竹内順子
147,片霧烈火
147,浅野真澄
147,ヤンデレCDと会話させるシリーズ
147,アニ̎\u30acンダムSEED
147,.hack
146,ＮＡＲＵＴＯ
146,野中藍
146,奥華子
146,侵略！?イカ娘
146,佐々木望
146,三石琴乃
145,鹿目まどか
145,魔法少女まどか☆マギカ鹿目まどか
145,雪野五月
145,熱気バサラ
145,大河原邦男
145,前原圭一
145,ラーメンタイマー
145,アニメシュール
145,アニメグロ注意
145,アニメアニメイテッド
145,アニメこの発想はなかった
145,アイドルマスター(アニメ)
144,銀魂MAD
144,遊戯王：音系MAD
144,洗脳動画
144,アニメドラマCD
144,アニメゼロの使い魔
144,アニメエコノミー症候群
144,ゆるゆりゆるゆりMADリンク
144,じわじわ評価されるべき
143,グロ注意
143,アニ̎\u30acンダム00
143,GRMADシリーズ
142,野川さくら
142,浪川大輔
142,字幕職人求む
142,アニメうる星やつら
141,黒執事
141,音ゲー
141,神無月の巫女
141,椎名へきる
141,Key
140,飛田展男
140,総統閣下シリーズ
140,探してたあの曲
140,岡本信彦
140,実写
140,アニ̎\u30a8ンターテイメント
139,逆襲のシャア
139,ヴィジュアル系
139,グラハム・エーカー
139,CLANNAD_AFTER_STORY
138,演じてみた
138,哲学
138,BLACK_LAGOON
137,魔法少女リリカルなのはA's
137,ベイブレード
137,アニメコスプレ
137,アニメアニメＯＰ
137,アニメアニメOPED
137,アニメこれはゾンビですか？
137,AngelBeats!
136,井口裕香
136,一方通行(アクセラレータ)
136,アニ̎\u3072ぐらしのなく頃に
136,アニメ機動戦士ガンダム00
136,アニメエイラ・イルマタル・ユーティライネン
136,アニメかないみか
136,みんなのトラウマ
135,鏑木・T・虎徹
135,谷口
135,手描き00
135,大体あってる
135,マリア様がみてる
135,アマガミSS
134,機動武闘伝Gガンダム
134,堀江美都子
134,吹_っ_切_れ_た
134,ニコカラ
134,トランスフォーマーMAD
134,なのは良作MAD
133,鳥の詩
133,魔法少女
133,実況プレイ動画
133,ピアノ
133,アニメうんたん
133,アニメうみねこMAD
133,APヘタリアMAD
132,脳内メーカー
132,広橋涼
132,危険な○○シリーズ
132,俗・さよなら絶望先生
132,テイルズオブジアビス
132,らきMAD
132,けいおん!
131,社長
131,生天目仁美
131,水原薫
131,恋愛サーキュレーション
131,アニメ名探偵コナン
131,アニメアニメサントラ
131,お前らの愛で見えない
131,MMDタイバニ
131,GALAXY_ANGEL
130,特撮×プリキュア
130,星のカービィ
130,攻強皇國機甲
130,川上とも子
130,名言
130,初春飾利
130,予告
130,中島愛
130,パンチラ
130,アニ̎\u30abオス
129,釣り動画
129,若本
129,神谷明
129,プリキュアMAD
129,アニメデスノート
129,アニメカウボーイビバップ
128,続編希望
128,石川智晶
128,朝比奈みくる
128,吹いたら契約
128,低画質
128,トムとジェリー
128,ジャスティスリーグ
128,アニ̎\u3072ぐらしMAD
127,舞-HiME
127,差し替え
127,地球防衛シリーズ
127,京アニ
127,パラガス
127,タートルズ
127,アニメシェリル・ノーム
127,0083
126,草尾毅
126,置鮎龍太郎
126,織田信奈の野望
126,紀田正臣
126,白石みのる
126,渡辺宙明
126,深刻な素材過多
126,大塚明夫
126,同人誌
126,メロスのように
126,スレイヤーズ
126,シュタインズ・ゲート
126,ガンプラ
126,アニメリボーン
126,RED_ZONE
126,BUMP_OF_CHICKEN
125,音楽高音質
125,絶対可憐チルドレン
125,東雲なの
125,数字が流れる動画
125,宮川泰
125,カイジMADリンク
125,アニ̎\u30adャラソン
125,アニメサムネバイバイ
125,アニメカードキャプターさくら
125,アニメかわ唯
125,UTAU
124,黒の契約者
124,西尾維新
124,翠星石
124,洋楽
124,期待の新人
124,星間飛行
124,信頼のコメ率
124,中の人
124,フェイト
124,カービィMAD
124,アニメランキング
124,TWO-MIX
124,CANAAN
124,2ch
123,true_tears
123,高良みゆき
123,門脇舞以
123,遊戯王ZEXAL
123,戦姫絶唱シンフォギア
123,中の人ネタ
123,スーパーロボット大戦
123,アニメコメ非表示推奨
123,ふたりはプリキュアSplashStar
123,ひぐらし手書きシリーズ
123,なのはＭＡＤ
122,遊戯王：PV系MAD
122,超時空要塞マクロス
122,劇場版機動戦士ガンダム00
122,コメ非表示推奨
122,アニメソードアート・オンライン
122,アナログ
121,高橋広樹
121,電波女と青春男
121,違和感\/Zero
121,謎の発想
121,綾波レイ
121,桜蘭高校ホスト部
121,中国
121,ワンオクMAD
121,デジモンアドベンチャー
121,アニメタートルズ
121,らきすた
121,とある名場面セレクション
120,魔法陣グルグル
120,遊戯王遊戯王MAD
120,ライオン
120,カードファイト!!ヴァンガード
120,アニメマクロスF
120,アニメウパホテーーール
120,C.C.
119,！？
119,銀河英雄伝説
119,金魂神MADリンク
119,男子高校生の日常
119,本編らきMAD
119,押井守
119,リピート推奨
119,アニメゆるゆり
119,アニメあの日見た花の名前を僕達はまだ知らない。
119,ゆるゆりMADリンク
119,OPアニメアニメOPED
119,APヘタリア眉毛動画
118,管理局の白い悪魔
118,空耳アワー
118,真田アサミ
118,弾いてみた
118,一見様誤解シリーズ
118,ロリコン
118,アニメニコニコこども放送局
118,アニメスパロボ
118,アニメエルフェンリート
118,アニメウルトラマン
117,高杉晋助
117,速水奨
117,第1話リンク
117,竹達病
117,王女ご乱心シリーズ
117,爆走兄弟
117,残念なイケメン
117,地獄少女
117,中の人つながり
117,下野紘
117,ワーナー短編アニメーション
117,ストライクウィッチーズ２
117,ジョジョの奇妙な冒険
117,エイラーニャ
117,アニ̎\u4f5c業用BGM
117,アニメミルキィホームズ
117,アニメガンダムW
117,なのは熱血系MADリンク集
117,11eyes
116,谷山紀章
116,男女
116,水谷優子
116,毛利蘭
116,旧亀
116,デュラララ!!ピッチ変更リンク
116,アニ̎\u3055よなら絶望先生
116,アニメナルト
116,アニメアニメランキング
116,アニメさらに評価されるべき
116,もっと契約されるべき
116,GOSICK
115,歌ってみろ
115,大橋歩夕
115,パロディ
115,ガンダムW
115,アニ̎\u3068ある科学の超電磁砲
115,アニメ涼宮ハルヒの憂鬱
115,アニメカードファイト!!ヴァンガード
115,アトラス
115,まどか☆マギカＭＡＤリンク
115,ONE_OK_ROCK
115,ELISA
114,鏡音リン
114,藤原啓治
114,秒速MADリンク
114,吹き替え
114,交響詩篇エウレカセブン
114,不死鳥動画
114,メタルファイトベイブレード
114,マブラヴ
114,シェリル・ノーム
114,アニメエヴァMAD
113,fate
113,驚きの白さ
113,銀河万丈
113,薬売り
113,新機動戦記ガンダムW
113,古泉一樹
113,ループ
113,ソードアート・オンライン
113,セルフエコノミー
113,アニメルパン三世
113,Yes!プリキュア5
113,VOCALOID3D化計画
113,B'z_MAD集
112,figma
112,松本梨香
112,宮崎駿
112,古谷徹
112,モノノ怪ＭＡＤ
112,パブリックドメイン
112,アニメサムネバキューム
112,やってみた
112,REBORN!MAD
112,No_buts!
111,鬼柳京介
111,言峰綺礼
111,衛宮切嗣
111,喰霊
111,作画
111,アニメニコカラ
111,アニメどうしてこうなった
111,もっと評価されるべき遊戯王MADリンク
111,R.O.D
111,MELL
110,次回予告集
110,千葉紗子
110,佐橋俊彦
110,ドMホイホイ
110,トランスフォーマープライム
110,ゆっくり
109,神無編集
109,玩具CM
109,特撮MAD
109,氷菓
109,手描きギアス
109,八神はやて
109,ルーニー・テューンズ
109,マンガ
109,ブラックラグーン
109,アニメシュタインズ・ゲート
109,SAOSAOMAD
108,蒼星石
108,神OP
108,機動戦士ガンダム００
108,最遊記
108,久川綾
108,三木眞一郎
108,プロの犯行
108,アニメスレイヤーズ
108,アニメエロ
107,超展開
107,燃える遊戯王
107,宮藤芳佳
107,ヱヴァンゲリヲン新劇場版：破
107,アニメ化物語
107,なぜか削除されないシリーズ
107,IGLOO
107,ED集
106,遊佐浩二
106,木原数多
106,撲殺天使ドクロちゃん
106,手描き日和シリーズ
106,宮村優子
106,予告編
106,ルイズ
106,コスプレ
106,アニメスクールデイズ
106,アニバサMAD
106,アスカ
106,ゆるゆり♪♪
106,ほむほむ
105,beatmania
105,魔神英雄伝ワタル
105,藤田咲
105,耐久シリーズ
105,笑劇のラスト
105,玄田哲章
105,榊原ゆい
105,ボトムズ
105,アクエリオン
105,まんがで見るシリーズ
105,あいさつの魔法。
104,高橋良輔
104,聖闘士星矢黄金聖闘士
104,笠原弘子
104,真選組
104,真紅
104,機動戦士Zガンダム
104,喰霊-零-
104,勝てる気がしない
104,ささきいさお
104,SDガンダム
104,APヘタリア普憫リンク
104,AC
103,eufonius
103,頬を染めてみた
103,日下部みさお
103,手書きテニス
103,孫悟空
103,土方十四郎
103,凛として咲く花の如く
103,ムスカ
103,アニ̎\u3089き☆すた
103,アニメトムとジェリー
103,Vガンダム
102,韓国版
102,羽入
102,洋楽MAD
102,折笠富美子
102,トラウマ
102,アニメ俺の妹がこんなに可愛いわけがない
102,アニメサムネ一本釣り
102,アニメオリジナル
102,アニメイナズMAD
102,アニメだいたい合ってる
101,魔法先生ネギま！
101,小神あきら
101,奥井雅美
101,今野宏美
101,井上和彦
101,アニメおい、デュエルしろよ
101,アニメいとうかなこ
100,高町なのは
100,高橋洋子
100,高木渉
100,間違い探し
100,遊戯王ＧＸ
100,海馬瀬人
100,機動警察パトレイバー
100,柊かがみ
100,恋姫†無双
100,ムーミン
100,トランクスルー
100,アニメモノノ怪
100,アニメクイズ
100,アニソンランキング
99,隠の王
99,鎧伝サムライトルーパー
99,野生の公式
99,日高のり子
99,斎賀みつき
99,挿入歌
99,富竹ジロウ
99,大原さやか
99,再現MAD
99,信頼のマイリス率
99,メタル
99,タイバニMAD
99,アニメミリしらシリーズ
99,アニメゲシュタルト崩壊
99,なのフェイ
99,WAWAWA
99,VOCALOIDカバー曲
99,DRRR!!_OP2パロリンク
98,超神マスターフォース
98,第08MS小隊
98,灼眼のシャナPV
98,投稿者コメント海外アニメ
98,君の知らない物語
98,中田譲治
98,一発ネタ
98,ドラマＣＤ
98,ゾイド
98,アニ̎\u30a2ニメOP
98,アニメ作業用ＢＧＭ
98,もっと評価されるべきMAD
98,ひぐらシュール
98,R2
98,00戦闘シーン
97,鶴ひろみ
97,高坂桐乃
97,英雄MADシリーズ
97,米倉千尋
97,畑亜貴
97,機動新世紀ガンダムX
97,手描きイナズマ
97,幼女
97,変態紳士
97,パンツ
97,アニメキュゥべえ
97,アニメエンドレスエイト
97,アニメじわじわ評価されるべき
97,ぜんぜん好きじゃないんだからねっ!!
97,こっちみんな
96,総集編
96,禁書良作ＭＡＤ
96,咲-Saki-阿知賀編MADリンク
96,マシンロボ
96,ニコニコ技術部
96,ソウルイーター
96,アニメおい、結婚しろよ
96,アニメうｐ主は病気シリーズ
96,○○がトレーニング
96,OPED
96,Aチャンネル
96,AMVアニメ
95,魔法騎士レイアース
95,矢尾一樹
95,新房昭之
95,大野雄二
95,ロリ
95,プリキュアオールスターズ
95,フェアリーテイル
95,エンターテイメント
95,アニメツンデレ
95,アニメカートゥーン
95,アニメおおきく振りかぶって
95,ふわふわ時間
95,どうしてこうならなかった
94,銀河鉄道999
94,立木文彦
94,痛車
94,日高里菜
94,感動
94,声優ネタ
94,一方通行（アクセラレータ）
94,アニメドラえもん
94,アニメガンダム００
94,とあるMAD
94,ここに病院を建てよう
94,ωフィルター
94,OPED補完
94,COATアニメーション
93,＠BGM推奨CM
93,高良モデル
93,遊戯王遊戯王：音系MAD
93,神様ドォルズ
93,田中真弓
93,比較
93,探してたあの動画
93,児童ポルノ法
93,佐藤聡美
93,中尾隆聖
93,ポケモソバトル
93,アニメハレ晴レユカイ
93,アニメスケッチブック
93,アニメこんなの絶対おかしいよ
93,こんなの絶対おかしいよ
93,これはゾンビですか？
93,Utauyo!!MIRACLE
93,OP詐欺
93,NEEDLESS
93,MADアニメ
92,高橋留美子
92,音ＭＡＤ
92,鉄のラインバレル
92,諏訪部順一
92,蟹画質
92,突っ込みどころ満載
92,歳納京子
92,最萌
92,明坂聡美
92,彩音
92,北米版
92,ブロリーもっと評価されるべき
92,ニコニコ字幕
92,ジョジョ
92,アニ̎\u30b5ムネホイホイ
92,アニメケロロ軍曹
92,らっきー☆ちゃんねる
92,もっと知られるべき
92,T5(つかさ症候群末期症状)
91,顔ドラム
91,週刊少年ジャンプ
91,橋本みゆき
91,未来への咆哮MAD
91,折原臨也
91,大谷育江
91,中毒になる動画シリーズ
91,フルボッコ
91,フィギュア
91,ファイアボール
91,パチンコ
91,デデーン
91,ジブリ
91,キョン
91,カブトボーグMAD
91,アニ̎\u30a2ニメソング
91,アニメシャーマンキング
91,アニメガン×ソード
91,アニメひぐらし
91,アニメきゅっきゅっきゅっニャー
91,じわじわくる
90,野球
90,茅野愛衣
90,立体音響
90,画像
90,涼宮ハルヒの憂঳\u9577門有希
90,沖田総悟
90,手描き福本マンガMADリンク
90,巡音ルカ
90,丹下桜
90,メダロット
90,プリキュア熱血MADリンク
90,ドナルド
90,シーン抜粋
90,アニメメドレおっさんホイホイ
90,アニメセーラームーン
90,アニメサクラ大戦
90,かわ唯
90,NO
90,MMDユーザーモデル
89,謎のシンクロ
89,牧野由依
89,投稿者コメント音楽
89,デュラララ!!EDパロリンク
89,サンライズ
89,クレヨンしんちゃん
89,アニメエヴ̊\u30a8ヴァンゲリオン
89,アニメみつどもえ
89,Red_fraction
89,RPG音楽MAD
88,Ｇガンダム
88,神
88,狂気の優曇華院シリーズ
88,特撮リリカルなのは
88,満足同盟
88,架空デュエル遊戯王
88,木ィィィ原くゥゥゥゥゥゥゥゥン!!
88,時代が追いついた
88,偽OP
88,何故伸びない
88,伝説の始まり
88,カービィ
88,アニメブラックラグーン
88,アニメオレンジ
88,あずMAD大王
88,TiMidityアニメ演奏してみた
88,Paradise_Lost
88,MMDまどか☆マギカ
88,APヘタリアで替え歌
88,16：9
87,評価されるべき
87,小西克幸
87,地球温暖歌
87,ポップン
87,サザエさん
87,エヴァンゲリオン良MAD
87,アニメテイルズ
87,アニメきしめん
87,アニメおジャ魔女どれみ
87,もうこれが公式でいいよ
87,ひぐらし
87,だいたいあってない
87,HD
86,電脳コイル
86,鏡音レン
86,逢坂大河
86,藤村歩
86,碇シンジ
86,森久保祥太郎
86,東方遊戯王
86,小山力也
86,吹雪士郎
86,出王子
86,ワイルドタイガー
86,ライトノベル
86,ピッチ変更
86,アニメオヤシロイド
86,もやしもん
86,もうロリコンでいいや
86,おまけが本編
86,MADWIMPS
86,00良作MAD
85,阪口大助
85,長門
85,郷田ほづみ
85,著作権切れ
85,腹筋ブレイカー
85,真鍋和
85,病院逃げて
85,折笠愛
85,妖狐×僕SS
85,変態という名の紳士
85,変態
85,劇場版名探偵コナン
85,刀語
85,マクロスFMAD
85,バットマン
85,ソードマスターヤマト
85,スパロボOG
85,ゲシュタルト崩壊
85,ガンダム×特撮
85,アニ̎\u30a2ニメキャラ総集編シリーズ
85,アニメ遊戯王
85,アニメ初音ミク
85,アニメサンホラMADリンク
85,アニメここに病院を建てよう
85,アクセル・ワールド
85,つかさ
85,あかほりさとる
85,NHK
85,MADアニメもっと評価されるべき
85,GAINAX
85,320kbps
84,黄瀬やよい
84,翼をください
84,桂ヒナギク
84,本編
84,放送事故
84,律澪動画
84,小見川千明
84,園崎詩音
84,全ての元凶
84,何かに目覚める動画
84,シンクロ率４００％
84,ガン×ソード
84,アニメ薄桜鬼
84,アニメマリア様がみてる
84,アニメシンクロ率400%
84,アニメけいおん࿰\u3051いおん！MAD
84,GUNSLINGER_GIRL
84,BLASSREITER
83,踊ってみろ
83,蒼き流星SPTレイズナー
83,絶望ビリー
83,真・恋姫†無双
83,朝倉涼子
83,手描きナルト
83,太陽曰く燃えよカオス
83,仮面ライダーディケイド
83,人類ポカン計画
83,アニメアマガミSS
83,やらないか
83,CMアニメアニメ番組で放映してたＣＭ集
82,誠死ね
82,津田美波
82,検証シリーズ
82,松来未祐
82,富沢美智恵
82,大正野球娘。
82,マイリスせずにはいられないな
82,アニ̎\u30a8ロゲ
82,アニメマクロス
82,アニメコネクト
82,アニメクレヨンしんちゃん
82,ETERNAL_BLAZE
81,supercell
81,lain
81,超サイヤ人
81,立海
81,岩田光央
81,小倉唯
81,国際映画社
81,吹いたら三下
81,ジャンプ系戦闘シーン
81,アニメ自主制作アニメ
81,アニメガンダムAGE
81,アニメアートアニメーションショートアニメ海外アニメ自主制作アニメ
81,アニメとある名場面セレクション
81,アニメありがとう
81,とある魔術の禁書目録Ⅱ
81,こどものじかん
81,きしめん
81,UVERworld
81,SHUFFLE!
81,God_knows...
81,FLOW
81,DTM
80,kanon
80,byあかちゃんMAD
80,黒崎一護
80,違和感が来い
80,神様のメモ帳
80,深夜42時アニ̎\u91d1魂迷場面セレクション
80,氷上恭子
80,年別アニメOPメドレー
80,大久保瑠美
80,俗・絶望先生-ED差替MADリンク
80,井上喜久子
80,マリオ
80,ゼーガペイン
80,アニ̎\u30cbコニコムービーメーカー
80,アニメポケモン
80,アニメおまけも本編
80,ふしぎの海のナディア
80,おちんこEDパロリンク
79,這いよれ！ニャル子さん阿澄佳奈
79,軍事
79,薄桜鬼MAD
79,組曲『ニコニコ動画』
79,矢島晶子
79,牧瀬紅莉栖
79,池田秀一
79,横山智佐
79,桂小太郎
79,松岡由貴
79,杏さや
79,斎藤桃子
79,必須アモト酸
79,大槻ケンヂ
79,壁紙
79,侵略!イカ娘
79,丸井みつば
79,トランスフォーマーＶ
79,チャウダー
79,サイボーグクロちゃん
79,イナズマイレブンGO
79,アニ̎\u30a2ニメ番組で放映してたＣＭ集
79,アニメジョジョ
79,アニメサンドキャニオン
79,アニメクオリティタコス
79,アニメキン肉マン
79,おっぱい
79,Mr.Children
78,fripside
78,鷺巣詩郎
78,腹筋破壊大帝
78,神アニメ
78,氷帝
78,木山春生
78,日記
78,川尻善昭
78,パワーパフガールズ
78,パチスロ
78,ドリ肌
78,アニメベイブレード
78,アニメアリアリ未来☆
78,アニメその発想はなかった
78,TOM&JERRYアニメカートゥーン
78,PSP
78,P4MADリンク
78,KAITO
78,JDA&ABC_MADリンク
78,Animated
77,重音テト
77,衛宮士郎
77,第１話＆短編リンク集
77,真ゲッターロボ
77,瀬戸の花嫁
77,森口博子
77,感動のラスト
77,岡崎律子
77,名シーン
77,参戦希望
77,ニコニコオールスター
77,ガンダムなのはMAD
77,アニメボトムズ
77,アニメイヤホン推奨
77,もう何も恐くない
77,R-18
77,R-15
77,P4AMADリンク
77,D.C.
77,CCさくら
77,2006年
76,full
76,高圧縮律
76,生徒会役員共
76,手書きMAD
76,戦場ヶ原ひたぎ
76,怪盗キッド
76,島みやえい子
76,僕は友達が少ない
76,三国志
76,レールガン
76,ペルソナ
76,スケッチブック
76,ショタコンホイホイ
76,サクラ大戦
76,アニ̎\u30e2ノノ怪
76,アニメシンクロ率400％
76,アニメアーチャー
76,アニメきかんしゃトーマス
76,あしたのジョー
76,STEINS;GATE
76,DDR
75,阿久悠
75,聖徳太子
75,清水愛
75,杉山紀彰
75,朽木ルキア
75,惣流・アスカ・ラングレー
75,嫌な予感しかしない
75,妖精帝國
75,声優無法地帯
75,仮面ライダーオーズ
75,ニコニコムービーメーカーもっと評価されるべき
75,ケモノ
75,アニ̎\u30a2ニメ音楽
75,アニメメドレー
75,アニメシャフト
75,アニメサザエさん
75,アニメアハ体験
75,アニメとあるMAD
75,ふたりはプリキュア
75,ひぐらしMAD復活祭
75,ぬるぬる動く
75,こなた
75,TM_NETWORK
75,TARITARITARI_TARI
75,T.M.Revolution
75,PandoraHearts
75,H2O
75,GA_芸術科アートデザインクラス
75,BGMの大切さがわかる動画
74,鬱クラッシャーズ
74,犬夜叉MADリンク
74,手書きワンピ
74,手書きリボーン
74,懐アニソン
74,庵野秀明
74,吉野裕行
74,合わせてみた
74,リョナ
74,パンティ＆ストッキング
74,ネットラジオ
74,コマ撮り
74,アニ̎\u97f3楽
74,アニメ魔法少女リリカルなのは
74,アニメ宇宙戦艦ヤマト
74,アニメワンピース
74,アニメサイバーフォーミュラ
74,アニメイデオン
74,アニメアレンジ
74,アニメうｐ主は病気
74,アニメうたわれるもの
74,RADWIMPS
74,MMDけいおん
73,電子レンジマン
73,聖剣の刀鍛冶
73,渡辺久美子
73,榊原良子
73,桑谷夏子
73,未来日記未来日記MADリンク
73,処刑用ＢＧＭ
73,兄貴
73,侵略！？イカ娘
73,侵略ノススメ☆
73,作業妨害用ＢＧＭ
73,ポケットモンスター
73,トランザム
73,サーニャ・V・リトヴャク
73,アニ̎\u30aeャグマンガ日和
73,アニメ天元突破グレンラガン
73,アニメゴーボッツ
73,アニメもってけ！セーラーふく
73,じゅうおん!
73,U&I
73,MAKO
73,GB素材
72,高梨康治
72,霜月はるか
72,違和感が行方不明
72,赤いニコニコ動画
72,腐向け
72,神奈延年
72,番宣
72,燃えＭＡＤ
72,機動戦士ガンダムZZ
72,天使
72,伝説の超リズム感
72,メカ生体名シーン集
72,ミッキーマウス
72,ブロリロイド
72,テレビ東方
72,サンドキャニオン
72,アニメなのはＭＡＤ
72,アニメお前が言うな
72,まどか☆マギカ比較リンク
72,ELLEGARDEN
71,sola
71,韓国アニメ
71,花澤病
71,聖少女領域
71,死亡フラグ
71,東のエデン
71,最後まで見るべき
71,数少ない生存者
71,戦闘妖精雪風
71,我妻由乃
71,大坪由佳
71,和田光司
71,千石撫子
71,ナック
71,スカイガールズ
71,アニメはじめの一歩
71,アニメけいおん࿰\u3051いおん!!
71,みなみけ
71,あおやＭＡＤ
71,Thank_You!
71,Nyanyanyanyanyanyanya!
71,MMD
71,CLANNADCLANNAD_AFTER_STORY
71,APヘタリアHEROリンク
71,AKIRA
70,Ｚガンダム
70,阿良々木暦
70,野水伊織
70,社長MAD
70,浅川悠
70,歴史
70,櫛枝実乃梨
70,柚木涼香
70,政治漫画
70,幻想入りシリーズ
70,巨乳
70,人類は衰退しました
70,丸井ひとは
70,中井和哉
70,下川みくに
70,三瓶由布子
70,マダオ
70,フルスクリーン推奨
70,デュラララ!!OPパロリンク
70,スレイヤーズMAD
70,ジャンプ
70,シャア
70,アニ̎\uff73ｯｰｳｯｰｳﾏｳﾏ(ﾟ∀ﾟ)
70,アニメ灼眼のシャナ
70,ふたば☆ちゃんねる
70,ぱにぽに
70,かんなぎ
70,APヘタリアでOP＆EDパロ
69,zip
69,＼(ω)／
69,鈴置洋孝
69,福井裕佳梨
69,真マジンガー
69,涼宮ハルヒＭＡＤ
69,機獣新世紀ZOIDS
69,棒人間
69,月姫
69,手書き遊☆戯☆王
69,手描きMAD殿堂入り
69,女装
69,大体合ってる
69,夜神月
69,串田アキラ
69,不協和音
69,ブラスレイター
69,フリーザ
69,ヒャダインのカカカタ☆カタオモイ-C
69,ナイトウィザード
69,イカ娘
69,アニ̎\u3068ある魔術の禁書目録
69,アニメブラック★ロックシューター
69,わずかな素材を見つけてシリーズ
69,らんま
69,なぜ作った
69,TARI_TARI
69,Perfume
69,MMDユーザーモデル(漫画、アニメ関連)
69,Fear
69,ClariS
68,flash
68,abingdon_boys_school
68,飯塚雅弓
68,間奏を入れてみた！
68,輪廻のラグランジェ
68,超高画質
68,笑顔の絶えない職場
68,湘南
68,混ぜすぎ危険
68,榎本温子
68,朴璐美
68,手描きDB
68,吹いたら採血
68,勇者特急マイトガイン
68,ローゼンメイデンMAD
68,ランキング声優
68,ミスチルMAD
68,ベン・トー
68,ネタバレ
68,シティーハンター
68,ガンダムSEED音楽リンク
68,カートゥーンネットワーク
68,アニメヘッドホン推奨
68,アニメスカイガールズ
68,アニメガンプラ
68,アニメアニメ番組で放映してたCM集
68,Over_Sky
68,Butter-Fly
67,銀装騎攻オーディアン
67,遊戯王一発ネタ
67,松本保典
67,所ジョージ
67,後藤沙緒里
67,平和島静雄
67,島田敏
67,声優の無駄遣い
67,南條愛乃
67,北斗の拳MAD
67,仮面ライダー龍騎
67,ブロリストの末路
67,ブラック★ロックシューター
67,キン肉マン
67,ガンダム良ＭＡＤ
67,アニメジブリ
67,アニメカードキャプターさくらサントラ
67,アニメうんたん万能説
67,もしブロ
67,まどか☆マギカ×仮面ライダーリンク
67,ひぐらしＭＡＤ
67,てってってー
67,Radio2.4km
67,My_Little_Pony
67,HappyTreeFriends
66,６分で見るガンダムシリーズ
66,黒バスMAD
66,飯島真理
66,金魂ノマカプリンク
66,金朋地獄
66,遊戯王5D's‐OPMADリンク
66,良曲
66,脳内フルボイス
66,絶望先生
66,紅桜篇
66,石川五ェ門
66,時を刻む唄
66,日常ＭＡＤリンク
66,新ジャンル「蝶人パピヨン」
66,宇宙をかける少女
66,坂本美緒
66,咲-Saki-阿知賀編episodeofside-A咲-Saki-阿知賀編MADリンク
66,伝説巨神イデオン
66,ミュージカル
66,ヒャダインのじょーじょーゆーじょー
66,パンティ＆ストッキングwithガーターベルト
66,サンライズ×東映コラボ動画シリーズ
66,ゲーソン
66,アニメ高画質
66,アニメニコニコカラオケDB
66,アニメソウルイーター
66,アニメセルフエコノミー
66,アニメゲッターロボ
66,アニメクリスマス
66,アニメガンダム良MAD
66,アニメカルマ
66,アニメとらドラ！
66,アニメささきいさお
66,アニメうぉおお!もっと評価しに来いよぉぉおお!
66,アテレコ
66,るろうに剣心
66,むぎゅううううう
66,Listen!!
66,G.I.ジョー
66,07-GHOST
65,高須竜児
65,石田燿子
65,目からGN粒子
65,無限のリヴァイアス
65,洗脳
65,板野サーカス
65,末永く爆発しろ
65,春原陽平
65,工藤新一
65,山中さわ子
65,子供向け
65,大川透
65,堀川りょう
65,公式が無法地帯シリーズ
65,主題歌
65,世界一初恋
65,ボンバーマン
65,ディズニー音楽集
65,ジョジョMAD
65,ジャイアントロボ
65,シャフト
65,コミ̋\u30deンガ
65,アニメフェアリーテイル
65,アニメサムライトルーパー
65,アニメエアーマンが倒せない
65,アニメほむほむ
65,もっと満足されるべき
65,ぼくらのMAD
65,なのは音楽系MAD
65,GLAY
65,GET_WILD
65,2007年
64,kiss×sis
64,麻枝准
64,魂のルフラン
64,驚異の再現率
64,頭文字Ｄ
64,鈴木純
64,都道府県対抗シリーズ
64,絢辻詞
64,皆口裕子
64,玩具
64,森博嗣
64,暴歌ロイド
64,昭和
64,政治
64,投稿者コメント機動戦士ガンダム00
64,快盗天使ツインエンジェル
64,志方あきこ
64,南央美
64,ヴァリアー
64,ロボソンfull
64,マミさんのテーマ
64,マイリスを上位に、コメントを下位に
64,テニプリ
64,アニ̎\u30b9トライクウィッチーズ
64,アニ̎\u30b0レンラガン
64,アニメマッシュアップ
64,アニメバカとテストと召喚獣
64,アニメギルティクラウン
64,アニメなぜ評価されない
64,アニメこっちみんな
64,アニメけいおん！！
64,アイドル
64,つり球つり球アテレコ選手権
64,U.N.オーエンは彼女なのか？
64,Suara
64,Janne_Da_Arc
64,Buzy
63,２０代ホイホイ
63,鳥海浩輔
63,鬱アニメ
63,間桐雁夜
63,遙かなる時空の中で
63,薄幸P
63,細谷佳正
63,糞動画
63,神サムネ
63,渡辺明乃
63,津田健次郎
63,新居昭乃
63,小林沙苗
63,小杉十郎太
63,吹いたらバーストストリーム
63,出オチ
63,保坂
63,丸井ふたば
63,マクロス7
63,ブルーバック
63,ゲルトルート・バルクホルン
63,カートゥーンネットワーク版おじゃる丸
63,エコノミー症候群
63,アニメｲｲﾊﾅｼﾀﾞﾅｰ
63,アニメスイートプリキュア♪
63,アニメエルシャダイ
63,アニメイケメン
63,アニメアムロ
63,アニメとらドラ!
63,まりあ†ほりっく
63,まどか☆マギカ良作MAD
63,そらのおとしものEDリンク
63,お兄ちゃんのことなんか
63,VOCALOID-PV
63,OP差し替えMAD
63,HTT
63,HEATS
63,GB
63,FictionJunction
62,飛ばすな危険
62,電撃文庫
62,雪、無音、窓辺にて。
62,金田一少年の事件簿
62,誰かがやると思った
62,虚淵玄
62,船見結衣
62,罪滅し編
62,終末
62,第１話リンク
62,特撮ＭＡＤ
62,水銀党
62,横山光輝
62,地球へ
62,伊瀬茉莉也
62,ロボットアニメ×特撮
62,マクロスプラス
62,ヘルシングネタMAD
62,ファイナルファンタジー
62,バナナロイド
62,ギャラクシーエンジェル
62,カイジ
62,イナズマイレブンピッチ変更リンク
62,アニ̎\u30a8ロゲソング
62,アニメ侵略！イカ娘
62,アニメブロリー
62,アニメジャイアントロボ
62,アニメシャナ
62,アニメガチブロ動画
62,アニメオタク
62,アニメみんなのうた
62,アニソン名曲集
62,なのは音楽系ＭＡＤ
62,そしてこの顔である
62,R18
62,CLANMAD
62,ANUBIS
61,animated
61,ＯＰ差し替え
61,２８２８動画
61,男性声優
61,犬
61,灰羽連盟
61,清水香里
61,海外版
61,浅沼晋太郎
61,東山奈央
61,未来への咆哮
61,才能の有効活用
61,岡崎朋也
61,小説
61,古川登志夫
61,動物
61,出渕裕
61,八神家MADリンク
61,元気の出る動画
61,作業用
61,仮面ライダー電王
61,ポケモンMADリンク
61,ペルソナ4
61,ダイワの人
61,ショタ
61,シャーマンキング
61,カートゥーン
61,エヴァンゲリオン歌MAD
61,アニメ家庭教師ヒットマンREBORN!
61,アニメタイトルホイホイ
61,アニメなぜ伸びない
61,アニメあにゃまる探偵キルミンずぅ
61,みなみ̅\u307fなみけMADリンク
61,ひぐらしのなく頃にもっと評価されるべき
61,おジャ魔女どれみ
61,ToLOVEる
61,HUSTLE_MUSCLE
61,FF
61,FC音源
60,steins;gate
60,fuli
60,雲のむこう、約束の場所
60,阿部敦
60,銀様
60,遊戯王1st
60,英語版
60,深刻な米不足
60,死亡シーン集
60,機動戦士ガンダム0083
60,椎名まゆり
60,森の妖精
60,東堂いづみ
60,最低野郎ホイホイ
60,時間のない人たち
60,手描きまどか
60,前田剛
60,ワルプルギスの夜
60,メイド
60,チョー
60,シン・アスカ
60,サ胸ホイホイ
60,ガンダム００
60,アニメキャラ崩壊
60,アニメオリジナル動画
60,アイドルマスターアイドルマスター（アニメ）
60,もう許してやれよ
60,なのはStrikerS
60,THE_BACK_HORN
60,SF
60,REBORN
60,DB‐MUSIC‐LINK
60,APヘタリアMMD
60,10分耐久シリーズ
59,腐女子
59,羽田健太郎
59,科学
59,秋葉原
59,東方雛見沢
59,最終鬼畜妹フランドール・S
59,島本須美
59,山田康雄
59,孔明の罠
59,天空の城ラピュタ
59,天国と地獄
59,坂本千夏
59,命を燃やせ
59,単曲作業用BGM
59,世界の新着動画完走組
59,セイバー
59,シャルロッ党
59,アニメグルメレース
59,アニメキラッ☆
59,アニメアニメ復習用動画
59,アクエリオンEVOL
59,まどか☆マギカMADリンクもっと評価されるべき
59,まどか☆マギカBGMリンク
59,けいおん!モブキャラ
59,TMA
59,TCG
59,SHOOT!
59,MLPMAD
59,IevanPolkka
59,Girls_Dead_Monster
59,B'zB'z_MAD集
59,100分超えBGM
58,orz
58,ef-MADリンク
58,長月早苗
58,遊☆戯☆王
58,追悼動画
58,腹筋が光になる
58,甲斐田ゆき
58,班チョー
58,独りぼっちは、寂しいもんな
58,渡辺岳夫
58,次元大介
58,機動戦士ガンダムOO
58,朗読
58,手描きＭＡＤ
58,手描きグレンラガン
58,再うｐ
58,リミックス
58,ポケットの中の戦争
58,バーロー
58,ニトロプラス
58,ニコニコ視覚芸術展
58,シュタインズゲート
58,サーニャ・Ｖ・リトヴャク
58,サムネ美術館
58,グレンラガンMAD
58,ウルトラマン
58,アニメｷﾏｼﾀﾜｰ
58,アニメ咲-Saki-
58,アニメミツバ篇
58,アニメドナルド
58,アニメシュタインズゲート
58,アニメグーフィー
58,アニメエルレMAD
58,アニメアニメ史
58,Sis_puella_magica!
58,Get_Wild
58,BMSA
58,APヘタリアでCMパロ
57,ＣＧ
57,阿知賀編
57,釘宮理恵釘宮病
57,這いよれ!ニャル子さん
57,触手
57,立花姫子
57,神無月の巫女EDパロ
57,皆川純子
57,東方手描き一発ネタ
57,明鏡止水
57,新ゲッターロボ
57,投稿者コメント東方
57,徳井青空
57,平田広明
57,川嶋亜美
57,山本百合子
57,封印指定
57,宇宙戦艦ヤマト復活篇
57,大塚芳忠
57,北爪宏幸
57,作業用BGM音楽
57,ロックマンエグゼ
57,ミスター味っ子
57,ネウロ
57,シンクロ律400%
57,ガンダムW－MADリンク
57,ガンダムSEEDパロ
57,アニ̎\u30acオガイガー
57,アニ̎\u30a2ートアニメーション
57,アニメテラ子安
57,アニメジパング
57,アニメゲッダン
57,アニメギャラクシーエンジェル
57,アニメこなた
57,アニメお兄ちゃんのことなんか
57,アニソンアニメオリコン
57,アスラクライン
57,よく訓練された弾幕
57,ふしぎ遊戯
57,ぬこ
57,ちびまる子ちゃん
57,この発想しかなかった
57,TAKUMAD
57,STAR_DRIVER_輝きのタクト
57,2009年
57,2005年
56,pray
56,jubeat
56,future_gazer
56,and_Loathing_in_Las_Vegas
56,鳳凰院凶真
56,魔王
56,訳求む
56,蟲師
56,萌え鉄
56,良作CLANMADリンク
56,細田守
56,石ノ森章太郎
56,極上生徒会
56,幽白MAD
56,変身
56,吹いたら負け
56,原田ひとみ
56,保坂は不死身
56,今井麻美
56,ロックマン
56,フルーツバスケット
56,フルメタ
56,バンダイ
56,ナルト戦闘シーン
56,サムネ一発ツモ
56,イナズMAD
56,アニメネタバレ注意
56,アニメタイバニMAD
56,アニメクオリティ高杉
56,アニメエレメンタルジェレイド
56,アニソンアニソンメドレー
56,とある音MADリンク
56,VIP
56,MOSAIC.WAV
56,ICHIKO
56,EVA
56,2004年
55,yozuca*
55,ＢＧＭ
55,高森奈津美
55,音MAD音ゲーMAD
55,韓国語
55,谷口悟朗
55,誰かやると思った
55,覇王大系リューナイト
55,蛙男商会
55,絶対無敵ライジンオー
55,矢作紗友里
55,疑似m@s
55,泣ける遊戯王
55,森田成一
55,才能の無駄使い
55,戦闘曲
55,学校の怪談
55,地上に降りた天使達
55,四畳半神話大系
55,初投稿
55,侵略!?イカ娘
55,ヴィータ
55,パーフェクトだ、うｐ主
55,ニイテンヨンキロ
55,ナイト・オブ・ナイツ
55,デ・ジ・キャラット
55,ジ・インスペクター
55,ゲッターロボ
55,グルメレース
55,ガオガイガー
55,カードファイト！！ヴァンガード
55,アニメ学園黙示録
55,アニメ偽物語
55,アニメコメ＜マイリス
55,アニメふたりはプリキュアSplashStar
55,アクセラレータ
55,みさお好きは中毒シリーズ
55,TYPE-MOON
55,SEED
55,Pray
55,No
55,MEIKO
55,GTO
55,FULL
55,ENOZ
54,ＢＧＭを変えてみたシリーズ
54,黄昏乙女×アムネジア
54,鷹野三四
54,集結の園へ
54,阪本さん
54,関時男
54,鋼殻のレギオス
54,野生のシャフト
54,美大の画力介入
54,秋元康
54,神BGM
54,真選組動乱篇
54,流星の双子
54,懐かしい
54,岩浪美和
54,小室哲哉
54,変態ほむらさん
54,准才能
54,冒険でしょでしょ？
54,再翻訳
54,内山昂輝
54,佐久間レイ
54,中村悠一
54,ミュータントタートルズ
54,ドロッセル
54,デジモンテイマーズ
54,チャージマン研！チャー研MAD
54,スイートプリキュア♪
54,クズロット
54,アニメ水樹奈々
54,アニメ忙しい人向けシリーズ
54,アニメココロコネクト
54,アニメアニメーション
54,アニメぼくらの
54,アニメかわいいは正義
54,ゆり☆すた
54,もえたん
54,はじおう
54,Super_Driver
54,SoundHorizon
54,QMA
54,PROJECT-RAILWAY
54,My_Soul
54,HAGAシリーズ
54,Another
54,Air
53,nao
53,＼ｱｯｶﾘｰﾝ／
53,ＮＧ設定推奨
53,？でわっしょい
53,鱒の家
53,霧の向こうに繋がる世界
53,雛苺
53,長細P
53,金田伊功
53,美水特撮シリーズ
53,石原夏織
53,無駄に高画質
53,武装神姫
53,橘田いずみ
53,暴れん坊将軍
53,戦国BASARA弐
53,妹
53,北条沙都子
53,代永翼
53,久石譲
53,乃木坂春香の秘密
53,主題ｲｶ差し替えMAD
53,世界三大兄貴
53,三千院ナギ
53,ネギま
53,キラ・ヤマト
53,アニ̎\u3060いたいあってる
53,アニメジャンプ系戦闘シーン
53,アニメシーン抜粋
53,アニメゲーソン
53,アニメケモノ
53,アニメクオリティ高須
53,アニメエネミーコントローラー
53,アニメむせる
53,アニメくぎゅ
53,アッーウッウッイネイネ（0ﾟ・∀・）
53,ゆっこ
53,まさに外道
53,ふしぎ星の☆ふたご姫
53,きかんしゃトーマスMAD
53,あかね色に染まる坂
53,SKILL
53,SKETDANCE
53,MMD処女作
53,MMDモデル配布あり
53,MIO
53,Hacking_to_the_Gate
53,FLCL
53,Bad_Apple!!_feat._nomico
53,1998年
53,1996年
52,masterpiece
52,manzo
52,dtxmania
52,dtx
52,＠BGM推奨MAD
52,鷲宮神社
52,電王
52,隠れた神曲
52,鉄道MAD
52,赤﨑千夏
52,豪華声優陣
52,腹筋を抉りて殺せ
52,美郷あき
52,石原慎一
52,真殿光昭
52,画伯
52,狂気の沙汰ほど面白い
52,水上麻衣
52,機動戦士Vガンダム
52,椎名林檎
52,梶裕貴
52,東方不敗
52,暁
52,折部やすな
52,手描きSEEDシリーズ
52,戸田恵子
52,我が家のお稲荷さま。
52,岡崎汐
52,封神演義
52,変態という名の淑女
52,刹那VSリボンズBGMチェンジシリーズ
52,人力VOCALOID
52,三森すずこ
52,ロザリオとバンパイア
52,ヨルムンガンド
52,マイクロン伝説
52,フラッシュ
52,ファルコム
52,ピッコロ
52,バカヤロイド
52,ドＭホイホイ
52,トムとジェリー本編リンク
52,タンタンの冒険旅行
52,スタースクリーム
52,シティーハンターのアレ
52,ガンダムX
52,カブトボーグ
52,アニ̎\u30a2フレコ
52,アニメマクロスＦ
52,アニメガイナックス
52,アニメカブトボーグ
52,アニメオギー＆コックロー̌\u30abートゥーンネットワーク
52,アニメエンディング
52,アニメアムロ・レイ
52,アニメてってってー
52,アニメちゃんみお
52,アニメかわいい
52,アスラン
52,もっとイメージされるべき
52,ほむまど
52,とある魔術の禁書目録Ȗ\u3082っと氷華されるべき
52,ZARD
52,WOWOW
52,VOMIC
52,VOCALOIDVOCALOIDカバー曲
52,See_visionS
52,P.A.WORKS
52,MAD-PV
52,GUN道
52,FLASH黄金時代
52,60fps
51,naruto
51,黒崎真音
51,鬼畜ヒーローシリーズ
51,静止画
51,青野武
51,雪風
51,鏑木・Ｔ・虎徹
51,豊郷小学校
51,誰だお前
51,訓練されたコメント
51,能登かわいいよ能登
51,聴く、ルパン三世
51,結城比呂
51,社長が楽しそうで何よりです
51,無責任艦長タイラー
51,澤野弘之
51,涙線崩壊
51,水島大宙
51,期待の病人
51,最終兵器彼女
51,手描きプリキュア
51,平松晶子
51,岩男潤子
51,宮永照
51,奥慶一
51,塩山紀生
51,咲-MAD-
51,厨二病
51,八奈見乗児
51,仮想キャスティング
51,三橋加奈子
51,ラピュタ
51,マリみて
51,ボボボーボ・ボーボボ
51,ブラックラグーンMAD
51,バクラ
51,ダークなけいおん！リンク
51,アニメ複合MAD
51,アニメドMホイホイ
51,アニメサントラ
51,アニメクズロット
51,アニメキミキス
51,アニメガンダムX
51,アニメアングラアニソンRemixリンク
51,アニメまどか☆マギカＭＡＤリンク
51,アニメなにこれかわいい
51,わずかな時間を見つけてシリーズ
51,ぼのぼの
51,なるほど、わからん
51,Your_Beats!
51,UNISON_SQUARE_GARDEN
51,ToHeart
51,SUPER∞STREAM
51,NARUTO名場面リンク
51,MADSAOSAOMAD
51,LAST_EXILE
51,Fate\/ZeroMAD
51,BUMPOFCHICKEN
51,Angel_Beats!_MADリンク
51,6分で見るガンダムシリーズ
51,1999年
50,ufotable
50,surface
50,ＢＬ
50,３Ｄ
50,３部OVA_MAD
50,魔人探偵脳噛ネウロ
50,鬼束ちひろ
50,音読
50,陰陽座
50,開封動画
50,遊戯王小ネタ集シリーズ
50,紙芝居クリエーター
50,百合界のカリスマ
50,泉かなた
50,比較再現MAD
50,森島はるか
50,最強○×計画
50,新亀
50,平和なギアス
50,宮内タカユキ
50,君が望む永遠
50,刹那
50,冨樫義博
50,兄好
50,作者は天才シリーズ
50,仮面ライダー剣
50,予告をしない次回予告シリーズ
50,一騎当千
50,レビュー
50,ハレ晴れユカイ
50,テイルズシリーズＭＡＤ
50,ティエリア
50,ツバサ・クロニクル
50,グラハム介入シリーズ
50,オリコン
50,エロゲ
50,アニ̎\u30a2ニメＯＰ
50,アニメヘルシング
50,アニメキャプテン翼
50,アニメオーバーキル
50,アニメおまもりひまり
50,もっと熱くなるべき
50,ぬらりひょんの孫
50,なのは良作ＭＡＤ
50,VOCALOIDアニメ化計画
50,One_more_time
50,MikuMikuDanceMMDタイバニTIGER&BUNNY
50,MUSASHI
50,Identity_Crisis
50,EMT
50,1993年
