16625,スポーツ
6726,サッカー
4419,野球
3846,競馬
3249,モータースポーツ
2820,フィギュアスケート
2593,スポーツフィギュアスケート
2480,スポーツプロ野球
2440,プロ野球
2285,車載動画
1877,スポーツプロレス
1795,格闘技
1756,プロレス
1500,投稿者コメント
1459,スポーツモータースポーツ
1239,MLB
1189,新日本プロレス
1092,自転車
1088,スポーツバイク
1085,Jリーグ
1080,WWE
1010,競艇
949,ドアラ
939,総合格闘技
936,応援歌
931,バイク
904,中日ドラゴンズ
894,もっと評価されるべき
881,＠BGM推奨スポーツ
806,採点つき
767,アイスダンス
764,浅田真央
706,阪神タイガース
683,中日
682,シャオロン
679,千葉ロッテマリーンズ
673,高橋大輔
664,レース
658,全日本プロレス
654,読売ジャイアンツ
647,高校野球
623,スポーツ競馬
607,ボクシング
601,スポーツボクシング
594,NBA
592,ラリー
583,スポーツドアラ
574,ISUグランプリシリーズ2009
573,サーキット
545,横浜ベイスターズ
531,スポーツスラローム
528,インラインスケート
508,マスコット
494,WRC
490,広島東洋カープ
490,WWF
481,D-STAGE
479,スポーツ投稿者コメント
477,クラッシュ
476,CM
455,ISUグランプリシリーズ2010
452,サッカー日本代表
452,MMA
449,イチロー
447,ロードレース
434,パオロン
425,オリックス・バファローズ
417,サムネホイホイ
414,車
406,プルシェンコ
401,KO
400,日本代表
399,北海道日本ハムファイターズ
387,埼玉西武ライオンズ
383,プレミアリーグ
374,スポーツチアドラ
373,高画質
373,ISUグランプリシリーズ2008
372,野球PV
371,地方競馬
371,スポーツフィギュアMAD
371,インテル
364,スポーツテニス
361,戸田自重
356,韓国
351,チアドラ
345,武道
340,初音ミク
333,香川真司
333,サバイバルゲーム
327,毎月11日はハンマーの日
327,サバゲー
327,サッカースポーツ
325,これはひどい
319,11-12プレミア
317,競艇競艇実況オールスター
313,卓球
313,アーセナル
309,福岡ソフトバンクホークス
307,新日本
307,ハンマー状態
307,スペイン
307,オリンピック
305,カープ
304,ステファン・ランビエール
303,自動車
303,オンボード
299,スキー
298,競輪
298,神試合
297,08交流戦リンク
296,オフロード
293,小塚崇彦
293,ドラゴンズ
287,鈴鹿
283,ワールドカップ
282,空手
280,Ｊリーグ
278,甲子園
278,オリックス
277,西武ライオンズ
274,東京ヤクルトスワローズ
272,ゴール集
271,スポーツドリフト
268,武術
267,名勝負
267,まおフィギュアMAD
265,スポーツセリエA
263,衝撃のラスト
262,ヤグディン
260,フェデラー
259,筋トレ
258,イングランド
257,排気音シリーズ
255,スポーツスーパープレイ
254,マンチェスター・ユナイテッド
252,鈴鹿サーキット
250,燃えよドラゴンズ
249,珍プレー
249,スポーツニコニコ競馬予想リンク
245,楽天イーグルス
243,SuperGT
242,スノーボード
239,ジムカーナ
238,マーくん
237,バスケットボール
236,サッカー名選手
235,武豊
235,WBC
235,COOL
232,競艇実況オールスター
232,海外競馬
231,ＰＲＩＤＥ
231,武藤敬司
231,イケメン
229,中ペン
229,スポーツプレミアリーグ
229,2010FIFAワールドカップ
225,蝶野正洋
225,翻訳希望
224,ルミおねえさん
223,ブライアン・ジュベール
222,スポーツもっと評価されるべき
221,応援
221,安藤美姫
219,スポーツスポーツ東北
218,プロレス入場曲
217,痛車
217,ジョニー・ウィアー
217,おっさんホイホイ
216,羽生結弦
216,JRA
215,峠
212,国内ラリー
207,アイドルマスター
207,PRIDE
206,腹筋崩壊
204,エンターテイメント
203,日本シリーズ
202,ホームラン
201,長友佑都
199,リーガ・エスパニョーラ
198,荒ぶる有袋類
197,観客気分動画
197,スポーツペンドラ
197,TNA
195,音楽
195,スポーツワールドカップ
194,スポーツダート
194,MotD
193,獣神サンダーライガー
193,2010年世界フィギュアスケート選手権
191,占いバク転リンク
190,スポーツボディビル
189,UFC
188,走行会
188,東北楽天ゴールデンイーグルス
188,ボディビル
186,2011年世界フィギュアスケート選手権
185,球界OBの現役時代のプレー集
184,真夏の夜の淫夢
183,ロッテ
183,テニス
181,ACミラン
179,煽り
179,レアル・マドリード
178,王座戦
178,広島
174,スポーツツーリング
174,インプレッサ
172,ニコニコ競馬予想リンク
170,レアル・マドリー
170,フィギュアMAD
170,スポーツ卓球
169,キックボクシング
168,浦和レッズ
168,スポーツ格闘技
167,NHK杯
166,中国
166,WCW
166,NOAH
164,10-11プレミア
163,平和島競艇
163,2012年世界フィギュアスケート選手権
161,フランス
161,NFL
160,アメリカ
159,＠BGM推奨
159,織田信成
159,三重
159,スポーツボートレース
158,陸上
158,林道
158,ブンデスリーガ
156,コメント非表示推奨
156,BMW
155,スポーツスポーツ名場面集
155,インディカー
154,DREAM
153,スポーツバスケバスケット
153,スポーツスーパーリーグ・フォーミュラ
153,FPS_Airsoft
152,女子バレー
152,ガンバ大阪
151,1-9
150,ヤクルト
149,鈴木明子
149,アメフト
148,落合博満
148,伝説
148,スケボー
148,HHH
147,長州力
147,ツーリング
147,スポーツフライング
146,ナダル
146,スポーツラグビー
145,11交流戦リンク
144,筋肉女
143,スポーツツール・ド・フランス
143,Fオンボード
142,体操競技
141,スポーツバルセロナ
141,Fスポーツ
140,富士スピードウェイ
139,鹿島アントラーズ
139,スポーツボクシング格闘技
139,アルゼンチン
138,課題曲：ナイト・オブ・ナイツ
138,スポーツバレーボール
138,スポーツバドミントン
138,エンデューロ
138,IRL
137,謎の感動
137,スポーツラリー
136,スポーツニコニコムービーメーカー
136,ゲーム
135,人間やめましたシリーズ
135,スケートアメリカ
134,千葉ロッテ
133,佐藤大輔
133,モトクロス
133,SUPERGT
133,09交流戦リンク
132,量産型zakotin
131,愛すべき馬鹿
131,シビック
131,ウイークリーフライングハイライト
131,アジアカップ
131,M☆Splash!!
130,音量注意
130,スポーツチェルシー
130,キム・ヨナ
129,サイクリング
128,アントニオ猪木
127,佐藤琢磨
126,西武
126,浜名湖競艇
126,作業用BGM
126,バルセロナ
126,お前に言われんでもマイリスト
126,FIFAバロンドール
126,CL
125,フィギュアペア
125,サッカーサッカー日本代表
125,G1（プロレス）
124,蒲郡競艇
124,投稿者コメント車載動画
124,事故
124,スポーツ野球
124,MCこなつ
123,立木文彦
123,永田裕志
123,スポーツロードレース
123,スケートボード
123,イタリア
123,12交流戦リンク
122,motoGP
122,相撲
122,オーストラリア
121,松井秀喜
121,リーンちゃん
121,ISUグランプリシリーズ2007
120,野球替え歌
120,ホームラン集
120,スポーツドラゴンズ
120,エンターテイメントスポーツ
120,MAD
120,10交流戦リンク
119,走ってみた
119,スポーツパンクラス
118,神画質
118,男は黙って四回転
118,ホンダ
118,ゴルフ
118,オランダ
118,エリック・ボンパール杯
118,インライン
118,MotoGP
118,Fスポーツモータースポーツ
117,横浜DeNAベイスターズ
117,スポーツマリナーズ
117,ジャンボ鶴田
115,欧州選手権
115,好プレー
115,NASCAR
114,レオ
114,TDN
114,F1スポーツモータースポーツ
113,ラグビー
113,スポーツニコライ・モロゾフ
112,sk8
112,リバプール
112,11-12ブンデスリーガ
111,川島永嗣
111,スポーツチャンピオンズリーグ
111,VOCALOID
111,MikuMikuDance
110,神
110,格闘技総合格闘技
110,マリナーズ
110,ストリートファイトスポーツ喧嘩
110,ジェフリー・バトル
110,エクストリームスポーツ
108,神曲
108,橋本真也
108,常滑競艇
108,スポーツダーツ
108,スケートカナダ
108,ゴール
108,W杯
108,B・B
108,10-11セリエA
107,福岡ダイエーホークス
107,本田圭佑
107,京都サンガF.C.
106,鳥人間コンテスト2011東北大学MAD
106,女子プロレス
106,GoPro
106,ASローマ
105,欧州選手権2011
105,スタン・ハンセン
105,オールスター
105,11日にやれ
104,東京ヴェルディ
104,実況プレイ動画
104,佐藤信夫
104,マリーンズ
104,フィギュアインタビューシリーズ
104,ドリフト
104,スポーツフェラーリ
104,ジャパンカップ
103,mma
103,毎月１１日はハンマーの日
103,柔道
103,尼崎競艇
103,剣道
103,レアル・ソシエダ
103,スポーツどうしてこうなった
102,skate
102,iM@SPORTS
102,競馬MAD
102,津競艇
102,戸田競艇
102,懐かし外人
102,ル・マン
102,マツダオールスター
102,スポーツ自転車
102,シャオロンスポーツ
102,カットマン
102,エキシビション
101,日産
101,フェラーリ
101,フィギュアスケート画像集
101,ストーンコールド
101,サッカースポーツフットボールプレミアリーグ
101,アルトゥール・ガチンスキー
101,おそロシア
100,海外の反応シリーズ
100,ジェレミー・アボット
100,コンパルソリーダンス
100,クリストファー・ベルントソン
100,カート・アングル
99,鳥人間コンテスト
99,楽天
99,HONDA
98,棚橋弘至
98,ユベントス
98,オープン戦
98,GT-R
97,昭和師匠
97,天龍源一郎
97,中田英寿
97,ロンドン五輪
97,ロステレコム杯
97,スポーツ中国武術
97,スポーツトマシュ・ベルネル
96,長洲未来
96,誤審
96,北海道
96,乱闘
96,プロレスニュース
96,アンダーテイカー
95,音ゲーMAD
95,野球ＰＶ
95,MTB
95,FIVBワールドグランプリ
94,選手別応援歌
94,近鉄バファローズ
94,筋肉
94,倉敷保雄
94,三沢光晴
94,スバル
94,ゲームスポーツ
94,10-11リーガ・エスパニョーラ
93,スポーツ地方競馬競馬高知競馬
93,つば九郎
93,HANMANI
92,クリスティアーノ・ロナウド
92,11-12リーガ・エスパニョーラ
91,神業
91,涙腺崩壊
91,フルボッコ
91,スポーツ体操競技
91,グループC
91,Fformula1.com
91,DDT
90,名古屋グランパス
90,キャンデロロ
89,横山典弘
89,内田篤人
89,スポーツフィギュアインタビューシリーズ
89,SUZUKI
88,ヤクルトスワローズ
88,09-10セリエA
87,小林可夢偉
87,天山広吉
87,スポーツドイツ
87,スタメン発表
87,ジャイアント馬場
87,お絵かき
87,09-10リーガ・エスパニョーラ
86,痛レース
86,本田武史
86,プロレス名言・名シーンリンク
86,ニコニコ武道部
86,エヴァン・ライサチェク
86,イリーナ・スルツカヤ
85,魚釣り
85,音MAD
85,江戸川競艇
85,サッカーCM
85,カオス
84,ロシア
84,スポーツドルトムント
84,スポーツツーリングカー
84,スポーツチート
84,スポーツズーちゃん
84,スケート
83,荒川静香
83,昭和プロレス
83,レッドブル
83,スポーツなでしこジャパン
83,ジダン
83,イーグル友の会
82,高橋みゆき
82,青嶋達也
82,誰得動画
82,菅山かおる
82,徳山競艇
82,ミハエル・シューマッハ
82,ブラジル
82,スポーツダウンヒル
82,アメリカンモータースポーツ
81,zakotin
81,決勝
81,マクラーレン
81,フットボールプレミアリーグ
81,J2
81,IWGPヘビー
81,EURO2012
80,男子シングル表彰台シリーズ
80,ロードバイク
80,スズキ
80,サポーター
80,カロリーナ・コストナー
80,エールディビジ
80,エアガン
80,VOCALOID球場入り
79,nWo
79,衝撃映像
79,冠協賛レースシリーズ
79,中国杯
79,ドラゴンズPV
79,スポーツビリヤード
79,うまく
79,HBK
78,清水エスパルス
78,投稿者コメント競馬
78,土屋圭市
78,マンチェスター・シティ
78,ドアラパオロン
78,スーパープレイ
78,スポーツフィギュアスケートフィギュアペア
78,コ・ドライバー
78,クライマックスシリーズ
78,K-1KO
77,鈴菌
77,踊ってみた
77,荒尾競馬
77,清原和博
77,戦極
77,市岡学
77,ロナウジーニョ
77,フリーダム
77,スポーツフィギュアスケート高橋大輔
77,スポーツバンクーバーオリンピック
77,スポーツバスケットボール
77,スポーツハンマー状態
77,スポーツニコニコ武道部
77,グレート・ムタ
77,エメリヤーエンコ・ヒョードル
77,アラム・ハチャトゥリアン
77,F1スポーツ
77,2008年
76,軽自動車
76,可児千裕
76,またお前か
76,NBAスポーツ
76,ECW
75,貴重映像
75,藤波辰爾
75,若松競艇
75,応援団と吹奏楽
75,大村競艇
75,世界選手権2008
75,スポーツ日本代表
75,スポーツバファローズ
75,スポーツダートトライアル
75,サッカースポーツチェルシー
75,1998FIFAワールドカップ
74,＠BGM推奨スポーツ投稿者コメント
74,自然
74,筑波サーキット
74,福岡競艇
74,マンセル
74,ベガルタ仙台
74,フライング
74,クリス・ベノワ
74,アドリアン・シュルタイス
73,大阪近鉄バファローズ
73,変態
73,ユヴェントス
73,バレーボール
73,チャンピオンズリーグ
73,スポーツパトリック・チャン
73,スポーツニコニコニュースメーカープロ野球野球
73,スポーツセナ
73,グロ注意
73,イングランドサッカー
73,VVVフェンロ
73,B☆B
73,BSB2007スポーツモータースポーツ
73,BBC
73,2010-11ブンデスリーガサッカースポーツブンデスリーガ
72,鳴門競艇
72,長谷部誠
72,札幌ドーム
72,太極拳
72,体操競技女子
72,バスケバスケット
72,スポーツハプニング
72,スポーツスラィリー
72,WBA
72,SUGO
71,音無小鳥
71,闘魂三銃士
71,女子バレー宝来眞紀子
71,女子サッカー
71,ランエボ
71,スポーツフィギュアスケートフィギュアスケート通し動画
71,サッカースポーツプレミアリーグ
70,ＷＷＥ
70,球団歌リンク
70,星野仙一
70,天才
70,ロナウド
70,スウェーデン
70,シューマッハ
70,シャルケ04
70,ゆづMADリンク
70,LOVE&JOY
70,ISUグランプリシリーズ2003
69,岩手競馬
69,スポーツスーパーライト級
69,サムネブラックホール
69,コメ非表示推奨
68,高橋貴隆
68,釣り
68,柔術
68,松岡修造
68,東方
68,東北大学
68,日本
68,川崎フロンターレ
68,ホッシー
68,スポーツ中日ドラゴンズ
68,スポーツチャンステーマ
68,ジェフ千葉
68,G.B.H
68,CWC
67,比較
67,有馬記念
67,投稿者コメント採点つき☆
67,宮島競艇
67,世界選手権
67,リヴァプール
67,ヤンキース
67,スポーツホームラン
67,スポーツハイライト
67,ザ・ロック
67,BOSJ
66,日本ハムファイターズ
66,大相撲
66,城達也
66,合気道
66,ライナ
66,スポーツパトロールビデオ
66,サッカースポーツセリエA
66,クリス・ジェリコ
66,FMW
66,Dream_Park～野球場へゆこう～
65,高橋成美
65,西武ドーム
65,芦屋競艇
65,椛島健一
65,新体操
65,多摩川競艇
65,佐々木健介
65,中西学
65,レースペース
65,ビリヤード
65,ドイツ
65,トリノ五輪
65,サッカーイングランド代表
65,カート・ブラウニング
65,エル・クラシコ
65,Rally
65,PK
64,阪神
64,鈴木みのる
64,神回
64,柏レイソル
64,広島カープ
64,吹奏楽
64,住之江競艇
64,中村紀洋
64,ラップタイム
64,ライオンズ
64,ヤマハ
64,マラドーナ
64,スポーツマリーンズ
64,スポーツスワローズ
64,2st
63,nokeirinnolife
63,金本浩二
63,水戸ホーリーホック
63,必殺技
63,北京五輪
63,人類には早すぎる動画
63,レーシングカート
63,スポーツマンチェスター・ユナイテッド
63,サッカースペイン代表
63,TEAM2000
63,NGユーザー推奨：16238316
62,車載
62,赤いニコニコ動画
62,横浜F・マリノス
62,松坂大輔
62,投稿者コメント競艇
62,団体対抗戦
62,スポーツ京都サンガF.C.
62,スポーツびわこ競艇
62,シンガポール
62,カルメン
62,エロ様
62,エクストリーム
62,UEFAチャンピオンズリーグ
62,TAJIRI
62,FC東京
61,ＭＬＢ
61,高知競馬
61,男子フィギュアスケート
61,欧州選手権欧州選手権2009
61,引退
61,仙台ハイランド
61,二日酔い
61,中野友加里
61,中邑真輔
61,パトリック・チャン
61,トラッキー
61,スポーツリールセSK
61,スポーツマスコット
61,スポーツフェンシング
61,スポーツデザートストーム川越
61,シアトル・マリナーズ
61,ウオッカ
61,お笑いサッカー
61,WTCC
61,WGP
61,07-08プレミア
60,森野将彦
60,昭和プロ野球リンク
60,愛の夢
60,大仁田厚
60,伊藤みどり
60,バンクーバーオリンピック
60,スポーツ陸上
60,スポーツフットサル
60,シュール
60,サッカーブラジル代表
60,コンサドーレ札幌
60,グラベル
60,オリックス・ブルーウェーブ
60,WSC2008Final
60,JTマーヴェラス
60,HMX-12
60,FSW
60,FCW
59,diana
59,＠BGM推奨インラインスケート
59,東京競馬場
59,川田利明
59,原付
59,ポルシェ
59,スポーツ三重
59,スポーツトヨタ
59,スポーツタチアナ・タラソワ
59,スポーツなぜ評価されない
59,スポーツつば九郎
59,スポーツだいたいあってる
59,サッカードイツ代表
59,YAMAHA
59,ISUグランプリシリーズ201NHK杯
59,ACL
59,2010年
58,ichiro
58,総統閣下シリーズ
58,神編集
58,田中将大
58,師匠
58,安藤美姫本気の安藤
58,大井競馬
58,国産きのこ
58,吉原完
58,公道レース
58,ランチア
58,フィギュアスケートフィギュアペア
58,スポーツソルトレイクシティ五輪
58,スポーツセンチメンタルグラフティ
58,ジロ・デ・イタリア
58,ジェスチャークイズ
58,サッカーポルトガル代表
58,カナダ
58,インテグラ
58,アヤックス
58,お茶の間フランス実況シリーズ
58,Universal_Sportsシリーズ
58,UEFA
58,NWA
58,MotDサッカースポーツフットボールプレミアリーグ
58,CSKAモスクワ
58,C(かわいい)D(ドラゴンズ)
57,阪急ブレーブス
57,秋山準
57,放送事故
57,小橋建太
57,中日中日ドラゴンズ
57,ライコネン
57,バイエルン・ミュンヘン
57,スポーツブエルタ・ア・エスパーニャ
57,スポーツターマック
57,スノボ
57,ジュビロ磐田
57,サッカー韓国代表
57,べるるん
57,TCK
57,PV
57,MLS
57,JGTC
57,11-12セリエA
56,ＡＣミラン
56,馬琳
56,越中詩郎
56,競馬高知競馬
56,石黒さん
56,昭和全日
56,巨人
56,宮市亮
56,始球式
56,唐津競艇
56,俺達
56,丸亀競艇
56,ランサーエボリューション
56,ブルーマックス
56,ヒルクライム
56,スポーツハルク・ホーガン
56,スポーツドラゴンズPV
56,スポーツトッテナム
56,ゴールキーパー
56,インタビュー
56,アジアシリーズ
56,アイルトン・セナ
56,Gr.C
56,FPS_Airsoftサバイバルゲーム
55,水谷隼
55,水泳
55,気功
55,桐生競艇
55,投稿者コメント野球
55,川口悠子
55,岡崎慎司
55,塩原恒夫
55,初音ミク_Studie_GLAD_BMW_Z4
55,児島競艇
55,仙人
55,ロイヤルランブル
55,レーザービーム
55,プロレス迷言・迷シーンリンク
55,プロモーション
55,フィギュア比較動画シリーズ
55,フィギュアスケート採点つき
55,スポーツトニ・ブランコ
55,スポーツツインリンクもてぎ
55,オールブラックス
55,イカ娘フェラーリ
55,アウディ
55,THE_ICE
55,QBK
55,K-KO
55,Dスポーツドリフト
55,Artistry_on_Ice
54,kawasaki
54,野村克也
54,西岡利晃
54,荒木雅博
54,異種格闘技戦
54,歌ってみた
54,極真空手
54,柴田善臣
54,本田△
54,大先生
54,園田競馬
54,人類滅亡シリーズ
54,中国武術
54,ロードスター
54,レッスルマニア
54,フォード
54,フィッシング
54,スポーツ佐藤大輔
54,スポーツドキュメンタリー
54,ケイン
54,グランプリファイナル
54,PRIDE武士道リンク
54,FF1-OP
54,CHAOS
54,2008年世界フィギュアスケート選手権
53,鳥人間コンテスト鳥人間コンテスト2011東北大学MAD
53,顔芸
53,障害競走
53,阪神阪神タイガース
53,長島☆自演乙☆雄一郎
53,謎の技術
53,船木誠勝
53,義臣
53,片岡易之
53,岡山国際サーキット
53,台湾
53,ロック様
53,リック・フレアー
53,ラジオ
53,モタードモータースポーツ
53,メッシ
53,ベッカム
53,フリーキック
53,ナゴヤドーム
53,スポーツ名古屋グランパス
53,スポーツ内田篤人
53,サッカーオランダ代表
53,インターハイ
53,アレクセイ・ミーシン
53,ISUジュニアグランプリ2010
53,CBR1000RR
53,BMX
53,2010年の競馬
52,ito
52,ＫＯ
52,納得の感動
52,福留孝介
52,発想の勝利
52,松永良一
52,ロミオとジュリエット
52,マレー
52,フィギュアスケートまおフィギュアMAD
52,ヒーローインタビュー
52,ダーツ
52,スポーツ地方競馬競馬門別競馬
52,スポーツ初音ミク
52,スポーツバイクモータースポーツレース
52,スポーツトレーニング
52,サーフィンサーフィンがどううまくなるか？
52,サッカーフランス代表
52,カプチーノ
52,みちのくプロレス
52,WR250F
52,UCIワールドツアー
52,JリーグPRリンク
51,黒シャオ
51,鐘
51,東方鎚状態
51,村上佳菜子
51,本気の安藤
51,最初からクライマックス
51,小林千鶴
51,宝来眞紀子
51,地上に降りた天使達
51,名古屋競馬
51,ローラーブレイド
51,ムエタイ
51,ドアラMAD集
51,スポーツフランス
51,スポーツダイエット
51,スポーツスルツカヤ
51,ジェラード
51,サンフレッチェ広島
51,エドウィン・マートン
51,CMCClubスポーツ
50,nolife
50,_Sing
50,高山善廣
50,選手紹介
50,竹下佳江
50,真壁刀義
50,柳沢敦
50,東京ドーム
50,東京
50,引退試合
50,山口新之輔
50,千葉誠一
50,ロータス
50,ロディック
50,ヤングＧ
50,フランツ・リスト
50,フィギュアスケート高画質シリーズ
50,バファローベル
50,ドアラドラゴンズ
50,スポーツ車載動画
50,スポーツ地方競馬
50,スポーツプロ野球野球
50,スポーツテコンドー
50,スポーツタイガーマスク
50,スカイライン
50,サーシャ・コーエン
50,カープハイライトリンク
50,オリックスオリックス・バファローズ
50,アクシデント
50,アイスホッケー
50,TRUTH
50,RX-7
50,IWGPジュニアヘビー
50,Fアイルトン・セナ
50,2010年NHK杯
